Firstname,Lastname,DOB,Phone,Address,Email
edd2916124c93479ced1dd30f618d002478a35eeec25f633c33b9de974e201ad,9696347ff89b939cdd75433f7d2e327735ce31f415ef52b8738fe4266c36789b,1952-08-17,750.642.0351,64ba349c88b7e57ab3eca9e7aa511113d94e4ffdf0a4098edd7aa412b0e99fdd,hromero@example.org
41dd3ff82558057e7e6df52e049cd7037238ad525d26582288467d63ed506781,f55bd2cdfae7972827638f3691a5bc189199d7cff7188d5ead489afdea0e5403,2010-01-12,(651)469-3829,1ef9925504e3c08a034ec2ff5ca21c26334825c6d501c496330e8bcf7b6b2ebb,lshepard@example.com
38a948146c53151969ccc22f9a835920e0c58b6ed1e7f13a460ae69179954b4e,da17c13402bca42e4f4dbd3fe1cb45919d80b42e0a4f1a3ebbab455e04285b60,1913-03-29,001-160-465-4936x91654,4f510d7d0c9015d2b6457c5826b3a15a0e1a4808d62df4a3f76ade2dc5bdff25,jessica64@example.com
f6dce2c608ef3fd522dcd3a4ab897f855945309f2d04e64f86e507730137596a,6a6c396e58ecc1f425a4e591591a3987fd7edc7960fc0e8cc252490914509a87,1924-05-24,(652)513-8892x586,a43b5a004bd1bc2b2dfb7b529f497249fdb56ac23757f691fca11737d8843982,hubbardjoshua@example.org
3d7562b7b1e0cd6ff62f45eb1b96402cfbbbfa6437b0a62017c094599951ad98,3ce9aefcb8c2b5846b9c77ef7a290be0e03f9950ca7531aba6d368a13fff459c,1924-02-13,+1-029-235-1583x29030,3892ab46b89102732865cbaa8f9d9db7c12386d298b9f932b95c4b6c6f491d97,michael87@example.org
5714e04739071aabdf34a209fcec4c33976a969dd2ca1c5007b406b2d8642bc5,5e94c76b18c58e51538ed9d3612cdb9e84c25b49bbd92c1bb9ffcf48d0bc5d95,1982-01-12,750.104.4300x2208,9de38e27c42064cee27fe2baae9478224d98fe3814c1aba648758d6791c48e4a,jcastillo@example.org
1bda9e5035725cc6c86d3e4207ae33d8d0509b922bbc44ba163540c455c6d2a8,11a4f480c4c0a039dd074473f0ffbb5de073500b3c25d08a774143b1ee4a0c9b,1938-09-30,(498)386-5660,29cfb23576b171b5b1710fc377d2df2d379d6b9bfbe80fb3adba0e578bc84618,mwhite@example.com
d389e0c290ef5aaf0beb87b24760bdb3f1e9003f299359988bd4e4c5fd9db100,a66b6c078db27b114adbc579902d58b3bb8a8c471f33c69071f9a4bb197f1393,1953-05-26,179.268.4263x07706,e6c4971e85181b53064e58b045f04515ee236bbe202522a90e80593bf537b1d6,leebailey@example.org
66e52fa9061472674466cdec63bfec6afe1417989e2e3f1e163b71e1b13f5f18,448eefa9a00fc4e9a5f70f6d1c2ea6971d105cf2a571209295b957d4896b61b7,1979-06-28,001-498-870-2777x8754,e2e7ca170f789c05c69c9f41fdc95f2484e25bf20492021a6dc4d6a519000fd2,lpeters@example.com
f089eaef57aba315bc0e1455985c0c8e40c247f073ce1f4c5a1f8ffde8773176,21f5358c1fd3b713a0b8d13634c18d381383d67b2ab0f04c1282cd283c49d82d,1933-05-30,+1-506-973-2314x842,420197f1d2279995088f128d13d63106c905d3cd94a97596743a84d14c0db181,nathanfrederick@example.org
c46335fac264fa8307e5f9d2d47dcf3b6aafec56033d670ddd46321783643454,2c3aaefea8267c66822f6edc0e42d9b7384695f9c0407eabda141770aab8901e,2003-04-18,(162)926-1358x1177,cb6bd46f40691e90df428790c26c0ab7edc40b573b9cfaa0050a529f91cca816,rmckinney@example.net
f787b4f6eed17c53306a36063b0561aee3c3fee000843450ff9cf8eee18005aa,3d4aa16c7868e6d91b75a2985d205940791b686136719e9038305efb7c09cbe9,1988-03-01,6661461442,176582ac8fb07c5661e80c8d6bfbc58cfa01826ec56528aba6acadbfa3fdbb05,omorales@example.com
041d3f8ee409c8b8537a46428af0ae99b2c676812e97d7f0c6cde5ed8edb9b60,53f385b66ea62d1ef5e962fe7805f3f3a2a4a478203dbcd7a33de5ca59be1f9b,1915-09-10,(269)732-3866,668bf2d807654ad3253e3a394540dd68b3e8599a0ab37b7a1c9c6eccded68324,rogershah@example.org
248715109e6a2d0c23343a5dda82be162326e4715ec69bb8f24755848739d910,d3f39b44a78969ff25eaff349ecf98752da9560078d370f4ebc00414998bb135,1937-08-22,248.389.7276x6600,ee312e7ba692c251556b59354ee1d9e0cbf3ec747c42e2ad336eee504116b268,aliciatorres@example.com
1bfdd0bd0feb1735b44d25956114d3e6d9219b7a3c98a8d5d9bfc09f1a993ffe,0ee9bb168930ebfa8abc989cfa84a73a6cd23006b42fd8c425354a2a84bc6527,2005-12-08,4191708561,722280a1e710ed7ad445194a88218fb27de9c0c8f538b58ca619ae06a148e61f,wjohns@example.org
52684c8c455d2024f36b3f8bf94da0c9bf9fe1c4f6feab30b7b84ec6a5f4e5ae,c625ca57418821d8e717df1b71bf589a042d8fc0f0a2c3776090e155d2d377d3,2023-04-23,+1-666-019-6353,ad9d6a466ece12c0da97dd2953f102cf201ac6b379e66ac998ccb9cecccaa78a,nathan83@example.org
9345a35a6fdf174dff7219282a3ae4879790dbb785c70f6fff91e32fafd66eab,d9f1cc927e330c6a6704803663066f39ea71e76444c79c75e56814a64c0bc6e3,1986-06-15,+1-125-846-9691x521,ae66badba8d268237ea901833175f5b008fe97588e7dc3df201e78975cca78e5,miguel39@example.com
ab81b2d493f645aad3fe13342c08fd450b92f1f1bf9a8c27b62fc4c4054bdd51,0a1a08c0fb4df933139c665db8239da3049a2a9705d49bae9120cd8ec8454314,1913-09-04,431.972.5258x01146,28745e1cdd5a0e6d8c721288657ff26f6fcbf1cc89b374a1d9d6d07b4100cf56,sberry@example.com
2fcc60c2ab3be068dc8bfa79d2431e62343435aaabb3ae8c45ae845306623b84,716545ea5827317b597b9f531b753bb931989bbe63df4307ef312fdb7374a154,1997-11-24,335-145-2486x65871,1c9c28d2918940ddc29d0b462d65f578f5972b7ae5454ed65ac8bb41f034a124,georgescott@example.org
e8fbf44c43373ad0691e03cae826ea4e04e2117076228fe76d7318fd94a4ae66,683313d69084379711e47f9e23cc8d7a4cf1a3fac5b48a8b6c560232ef7619a6,2006-09-30,+1-044-011-7802,9fcbd5187b85e95f62df86f8a159b63524d796edb450591565167e8eedcee2b2,keithhoward@example.net
ff7a4da45cc0e677370192ce2ae19d23f2b139d74a376955e0d72f4a871eae61,5f38a7b1b499d5c1fb82298cdd861d8534bda4ed2a40edd2ec2b360e83bb9af2,1914-10-07,001-529-318-1542x340,7eb0f7909d5def67cc95ae51bf56b26b88155d287a2635e113265465e88e57fd,vincentodom@example.com
7fa8a6e9fde2f4e1dfe6fb029af47c9633d4b7a616a42c3b2889c5226a20238d,f79979bf40b1743a9e2ee851f4a391b2ecfe667f82bb26b1d72f3d042977feb5,2018-12-21,001-031-748-5879,0080bc021c7277156264902e75869bdbefb6a9d168cf459508a1253bfcda2767,dthompson@example.com
edd2916124c93479ced1dd30f618d002478a35eeec25f633c33b9de974e201ad,0cd8d6694bfbe59175b4b23f2774d498a91bb0d9304777c3a9e39e1c7945bd70,1929-08-01,(427)208-4558x7554,21669262157b7162a0a8d409f1303cf3472dc7838013012da8e3b23f4f99c7ee,aliciaperry@example.com
c22ecad4fa3b9c1cdead983189efe4249fbc389b6bcfb88050ebc54b92c82b41,8ce76b119a1b1813bce3447ef49298958ccc707e59dff368b48f79dd47df8e3f,1973-08-01,909.324.4669x1013,138b9e94528c2ed2a4680fc4b44944f83bd12cde832c22153ecc9e29a8ea78a4,xbean@example.net
ee6aa9381e07c60412e8bca2932326f413828ccabca7b96380b4170f7e704605,f8d13f3b4e3dbfd65a924e4178f938d90a7409bfd351b3bd8e4f39eae745481d,1925-04-02,7753776098,7ca9c2a0afd21c01572433adb7e79c87be7eac552cede3b0ad94696da04e36d3,chapmanmitchell@example.org
5f39b51ae9a4dacbb8d9538229d726bfb7e1a03633e37d64598c32989a8c1277,ac243a362582b398cb12bedd45f49b78f6a6320cb444a311a38375e775566464,1930-04-24,+1-989-376-6164x28699,a924f9977c8be6a383d320f09b8626280bec91859415a8500619992f5eebec2a,timothyfrench@example.org
9345a35a6fdf174dff7219282a3ae4879790dbb785c70f6fff91e32fafd66eab,9f01fd213294c5e95ff2e194d8f238533900f2b35272e3a56af2f7978637b4e6,1988-09-22,566.757.6313x79726,74491be027fb0856a10a91b40db1a689e69226ad634f4971874849277508eaf3,amybeard@example.org
2482517c61352f9578a40d4a8d34e5bf8509286247d32f69522d01cf9c0f24a6,b9e2cc6db3748fe66a615a9ea18ba86a23b709e70aa875170bddc26f4fc5b164,1990-12-31,467-109-3877,f50ebb3870838c9194bbab01fd0df1b57e8611a5fdddf7ce04bac2e93fe83206,fryejared@example.net
019bfd9cb0e4dc49521440e9450f1060bea0e60194c6330a271e17a483c3e897,c2793b826cc96e7fe5bd695d00af187d2d9b5e4e0bfe7619c041d8f6f4972362,1996-08-15,(240)529-3067x3583,b8248a813a89b81a96062c4718487b8480d2cbd39fdbf621b17f839f9835700e,rodney40@example.com
ae42f8390d896d3e355315efe08fef67c64fdca09ec0152b88bef9499c9f3c11,8a446a936d39871cbcb411f3b3b4de6873300d9b7a0d7e9d0f2a0514d819c6be,1945-09-21,(563)814-3406x392,9e06cd8bff9d868b9c5d7a3bca67e7d01d6cca2a0f1da601e7f92ec202694126,slopez@example.com
89c7286890f7347ab235234e74d406596a127ae3679042f6d0e3e58aa41d045c,cec82e6bc635a807a12669feb8e8288194087381cd5f897371aebb74be209396,1977-10-29,001-040-164-8410x351,9ab79af97ddc9fd9820ede91900e784f4219eaf05a0b4f7330009ab476f856e3,angela85@example.net
85eea4a0285dcb11cceb68f39df10d1aa132567dec49b980345142f09f4cb05e,379dbafbfb91e21686016d6078c18ff31e5a228ddb7fa183c923d21240ec36ab,1967-11-04,(382)244-8953,8a6382682c9369d83209abf9e58566188b78d6f803b436a56714279fefd877ac,jacksonkatie@example.org
17239b6e250110330eda64a29c610bf146f89883371fab093feda03bec61b646,24774d36a77c9c21024f00a9df5a9dd808f9d7e43dacc308095511156fa6c163,1996-07-12,(845)992-7388x72710,dc9c6b2e201314f3232b2053697b7ca756e8f0c5e8d6d48257110fd5bf193fda,jerry14@example.com
5632e195ae87f23c49c2803e1c40d0401d5f8da65ad49c6e01bf8e803266ecc9,1d086001c6e5975be0172586a6cfe53a03781ff43a15881ebd5e68a863402e27,1966-12-20,7504006977,f6e2dfea8c6989e5f32bfc8670941eff9020f376aa986924d5b6a546ff85499c,sanchezkenneth@example.org
3f0c9b03e8e39b03773c7ea7621035cb6fc947cd41ca7c44056d7e7bbaebb3d4,ea858afbf837aae714617e89a36524aced28f7de921f7798e72810fd8839a462,1934-07-03,001-923-890-2783x393,03ffde62f55a02c524bd3600746a4ed24f411e785595fc4e6aa848edb8fe6243,millerjustin@example.org
ea07c757579fa48a87636434cd376e0f7d5fc6ca910c95b004916445256190a0,a59978f1658347445e7a7ceae6488949d03b3259ce16c9a3a0515e6270a3829f,1991-07-23,001-626-290-6668x3635,112134d3b62f1d823a312416eee7d704ce1373a608f9d5e31ab5c8bacfc689df,tmclaughlin@example.net
d58da6fd68be9ecb33f32eb7857881ff7f0846c12351db7fafeff2ec92bdb7a6,39645bcbe30e83d99c6a30692968609cea133002dc14b23bd8f19cde0a60a3de,1985-03-27,493.245.1065,83eafa5f0c60d3340456daf9df0be75a7eef4398532864904ed4a0d8a6b55630,teresa76@example.com
88c3cf364123a25bbab687d4fe8ec6284836b9f00654eda361579d584a43343e,1cdcfc3885f538bc4c6ef194013dc7450af9a44e26cfa2a4d0f89344406caf26,1914-05-24,3970353499,cda6b750d4619c31cd477b16dc70d9b74f58418fab1f94084a8db9b36dce9979,imitchell@example.net
2238dd61a1bf83816b40ad894518814b8edf7221d84d897ffd2c0466ace07c41,99ca0687e3552d923ea79e4bfcd1a0f3c688a8b95baa8754248ba01a62098a53,1952-03-23,+1-639-150-5955,83e0dc518ad7eb2ac6b9b81f5b500c60c251ba97d58151f8593dd3eba542db44,rodriguezpatricia@example.org
2bc88a2ecf09d1fea7c54323cd9390e147feaf94dd54ff46373cea7a531d984e,a15ece678377ef522114d54d7128fca2efac0c818f31bb58102d88105daea9dd,2004-02-16,001-480-255-8803x48611,6998263cf2ea255efc47b401426a6c7dddf1e90768bb35a8510137b0f55d5e15,carolynbowers@example.net
cb14bf5073ebaf6d9d04b63164b7017b2011d3558fb2f80f9450c9f5de6f6de8,2a41acacaddf03832450c109644dcb47679a5ce9fe9932ba0186f27896025752,1962-08-12,650.371.1068,70d3e540360720e3f3ce3db48f0e45b43ff1ee28f01461157d68509f08afce85,charlotte72@example.org
9345a35a6fdf174dff7219282a3ae4879790dbb785c70f6fff91e32fafd66eab,1670f014790650707eee6c027de573361658cfec15010d58bbc70af14a3ebb8d,2009-04-20,(475)521-2896x1875,0c7ff75b46205f367dc4ef693e829a7cfaff51898cdea04e456010588050e679,bellcynthia@example.net
83412c4c9a8b78df19243f98ac1083203ac1475bd01917e330f3887c4632686c,95c5dd81e14a7113b7804f53ab2dc715bd141c55db0b4f4ffcdc28a66fda42ea,1938-04-12,(299)942-4884x7310,11fc4fce8c328a3999bd1bb3e6b36d883b0062214f0274f9a9aca1fe032edf1a,steven88@example.org
cbb666f64179004cddd7ac9c47f37d52fe7714b243bcfec2cd2a762deb7e2467,f5ee9c63371307ea10cdf75542b260361bdac19fbd1d22c0a4586843abd98420,1974-07-10,576-080-3372x28747,e9a8a3d03b4373dc762bc06f3a9af582bc744c609e66762a9fad649fb06849a6,charlottearnold@example.com
7a49d0e37774f8a5296044c04481158b1264d9f7b9a2029223f5c4b139418860,f299f553f362279e44d18a0d1e44949b6857be004e3529df1e7b38ef507b0300,2018-06-07,737-005-2748,91e1861ab66f21e7a31bf85c589cd75f3b0e7d1796ce164fc07708e9638974d3,alvarezjames@example.net
4cb39c1bdf5da40bb629d3fb041a2af0c9d388370c9e5ea5369f01aa23b02589,ef2a28f03f6eafb0fe030794be2c6714d743f2b28e13b40d022393a0debfaa9f,1911-12-05,+1-393-938-0712x65294,b8cf0c5cad38c6556dd02d9f981afef3734f7c0c63bc660a7b981da3aa4fc256,adam63@example.org
7297db81c2f7916e25b9593f8c8785e1aa1487fa9f3961c50b7cc5f1a541bc82,cf8572026d096e026495b7a36cb8771c27b0444424fdf39375c3bd068fa1ff48,1986-06-03,(809)414-0312x9565,9597bf4a2d856611a60e29a6c72ab717a8b92a11bdbe03d9686b63dd298ad231,milleramanda@example.net
a838d5bbc95766c4592321ed243e93f97721d0f5900e70312a5a989a06d51010,f2dd86e34cc18d360abb0b3e54b8090e9db3baf068ea059ce1f43815dd8c5653,2019-11-06,(105)259-3945,3889d07e0bf004e3d1ae707f2236734eef0685f35d40b255afdc8851a681bef2,wesleysmith@example.org
3f0c9b03e8e39b03773c7ea7621035cb6fc947cd41ca7c44056d7e7bbaebb3d4,9acbb972ffa00dda899f0145850c3ef32168d1c6bcee95ca755afa3981f81cb1,1927-06-21,(180)487-0710,bb299eaee5aa1fdc3e6b4dfea74f78147220f71c15393bab1b87c4e601292afa,stephen97@example.org
864282b76c39e6748fa8b9accb2953bc89a3ec4f6c5ca1627624d6a58edd5619,b06620ea035222208cf86f63e3f3d7b706155c65e9135b142a4a279b5e4a12a0,1939-04-08,+1-229-941-1703x0818,de2efbdcd38d4057d7cd454f3d4a6d6d9e7a377ea7e8bcec6b4fa0c5b255e3d1,lisafigueroa@example.org
7d79723653ebf983c2ea750913e2d3276129ac65bc4c071c060d71c730a427db,44993b03e8461b11dad0c29223ec5b00ddf93449e4992ad5a56ec6dcaf3cedae,1914-06-08,(225)495-2892x65671,252cc010840af8d15a63a25457dacf29d473361f4ed32adc024a4e0f1d12244a,srobbins@example.org
79af7871433de9256a5a13e123ed27dd358e02072e1964ac11c6d6cf39c5af82,825f78bfd9d52f7adb66c352898a9e3f80ecd0d74c3cec139852505eae251ea6,2021-04-21,476-926-0902,5ad4f2c1c9f8f893996adcf730e9e4de7ec097ffcf689966f3a41213780c8182,chelsea00@example.net
185f899d0adee515db8d8863ba106af6674e733fea89651038701ee0215e435c,9f542590100424c92a6ae40860f7017ac5dfbcff3cb49b36eace29b068e0d8e1,1990-04-20,749.913.5189x952,7c5461b839285771c998103f738004e651f2c248fdb1a3f30b1a0d32ad6390d7,christopher67@example.com
9345a35a6fdf174dff7219282a3ae4879790dbb785c70f6fff91e32fafd66eab,9f4024faec10ef6d29aa32d7935d94b1a816fd4fe0359fbf12d49d44b5ff33b8,1950-10-06,(075)290-1782,0d32062ddf0157b2994f694ba7224a988959c9870e8a316b23d0f23978db4efd,meadowslisa@example.net
e353b6ff4b8d719a8f7665d183db243aeaf6022d0850dc13fb5f0886bbf28b80,f55bd2cdfae7972827638f3691a5bc189199d7cff7188d5ead489afdea0e5403,1965-12-21,+1-675-485-3726x66581,c6bb41961f27ed567819d9b332cd8d18d972cca1a659f109215606897603d4a8,michaelrodriguez@example.org
89c7286890f7347ab235234e74d406596a127ae3679042f6d0e3e58aa41d045c,25aa5e1dc2c2ef71424f0ad21cf1e512a429de24b18152891503b62ab12ade93,1921-09-04,(719)185-0870,db368df3c9017fdac3f6cbe527fc3186df4eda8e79808a2d70057c2585636ea4,jenny07@example.org
faa0ca8cd0868c06859d8909b35a9e2f16a2c5dcf19857836d8b081bbe5918f5,676e2d10c4e5403d984a7082eb9f0541a073c75b5a3ae776c4f91f4ed6b601df,1949-04-23,688.851.5728x044,fc15daab790e360e776196fc07344f49f3a07ce8a3e585d0a232223b0bf28300,xmaynard@example.org
0fd1eb2e0012f222178d93e9166dfe47bf570c855bf61a5202360d84da2296af,fdce2768528c4b52b0f09f41fa3bc911bf42a7118a91f1ff0ad69bdff9fbdeb9,1995-02-02,557-471-8315x95072,28d45cf7101ec467de9b48ca18a4a68064667ed46471901015a54e5f56d8b532,shawn51@example.com
6b7ee845d7c19c63f9729f3027128d6f6628dba34ec83d26e4e56b4670d7c2ff,ee01fa3ba9787476d7941eee2d29bc9a7ba94b14318a605eea8194de6b28470d,1989-03-17,5277017035,12cb18166067882755e07e50c1a08b5944c5533f26fdcf9ac179717ca6411b3f,sara13@example.org
864282b76c39e6748fa8b9accb2953bc89a3ec4f6c5ca1627624d6a58edd5619,db605e8f71913d1f3966ad908d78b8a8084f5047122037b2b91a7192b598a9ad,1960-07-23,4395394664,ae0ff5c9417766b02579a968e172438638daaf7f3a8c26a348237380aca00dc9,cody75@example.org
c649a38986ad94059e9a471f5e82d23c9c5f3ba5b261f3467eccccaa8db5277e,8117874187b3586396223acaeaf2bdf610056799d278e80de09e1c0e0e0c4240,1963-11-16,001-215-520-9504x888,8d17a81cd56a5d05f611bafa89c1f1615ea1012b7e25038d04ef714cc6c7cfcd,elizabethevans@example.net
7a49d0e37774f8a5296044c04481158b1264d9f7b9a2029223f5c4b139418860,25c7e17d3e9906a3ebe30c1b91b8a3fc507f4192f32ad8cfee0c68249244c747,2019-05-11,2389547052,501817cd3562f234721450a14fc532d101376754b7700e31bd2ab2a2f31632a0,mmartinez@example.org
6c00e6ff6ea6bcc6ac122ec314eb16749ca88f03760adfb71a9de657527c6396,9aad91d86553cfd95d6eee6e97e25bbb6f66a0d8756c5b0acfd051b2cc415f0b,1971-02-06,938-724-2850x188,4ada48731fab02f61957fb4cb2b0555ab1b3891cfa3d36b4e63d8b589d86e214,curtisanita@example.com
9ff18ebe7449349f358e3af0b57cf7a032c1c6b2272cb2656ff85eb112232f16,5f38a7b1b499d5c1fb82298cdd861d8534bda4ed2a40edd2ec2b360e83bb9af2,2019-10-25,070.967.4260,adf4a77c56ce59c3eec1d855ed35ea2b1ba9d17386404c58be3862f3197d4e6e,youngcheyenne@example.com
5c607f66c4a21215bdddbedde8eb8e3f939f9dcfc6e210c6dda2514d52d36103,3495e757855a5c678addcf32516274e2962d0572f065378dba689e22168f28dd,1960-07-30,001-856-173-4476,7acf92e072b1ac9a60b44607a6dc3b4a82c1e582d62c811677ebd9c1c2b6186d,michael41@example.net
fb338e53da57ec89c638f24e8f87697a70d0c0d8e4cc3a56f754211d2c6f0444,6e8d8801f51aafe8426f8d95c75de8f3f404ccae62f116070ca643403484a243,1974-01-27,001-534-688-6146x07774,13519f6d76cc7a6a4a2709ab295ca530d27045ba617f6bd8a9df86b0b9fd844b,sarahjennings@example.net
612a9940daf670faf2d8670dba9750d8d4a385f769db887269b8cbcc2c04ec86,18f285592896ec8ead1b69d90ee4080300ba8dc31665a6ad97550c8f81b15502,1968-06-01,+1-203-590-1204x3701,368b463504c6b575253aab67aab22eec0aabb5a998dace56645cb429c9c093e9,xjohnson@example.com
907814bbbc15ea0ddb864ae1974e9fb43dac6dc588f62c6550c01c5b73c2098e,5b3c9fa989925f0bf1b88e91380651e3abeef45e685f5f477f6cb0269fdd50ae,1940-02-04,595-109-2182x19833,9622ececec100a39923681910cb1c8bb8b2ff5aa7e31f9335fa6014e875e566b,qpowell@example.org
76db6b6c629a5be9d57a0834681a8369c8164e93de21d4ffaad38c1abeb576a8,5f38a7b1b499d5c1fb82298cdd861d8534bda4ed2a40edd2ec2b360e83bb9af2,1925-03-13,393-294-6077,63387de33dfb00bf9c8dd9e8125a2b4820a820a2fb70b56aade84fe9f8bdceb8,leejeffrey@example.com
7b717950ea1e02ee962fa49549667f329547b833ebce209cd53da66b6b9b264c,95c5dd81e14a7113b7804f53ab2dc715bd141c55db0b4f4ffcdc28a66fda42ea,2002-07-21,+1-484-823-3367x093,7bee98a2fdf941512673faa8c3726c94bc8303f6311a1b9bd2bb284b29d27383,donaldfields@example.org
1360974bb4ede1cdbb00371e03951e3fb0cbccef65eaa03cd1e5a379fd4f40f5,3396e1a15f34e30b87253591eb558bbe55cdde980ff0c4ad5220bf2becb34847,1955-03-22,(560)318-7275,3d0a5fd4a1ea579a7e6d08853d33678b6f6ab0b1dd8e5d1bce6cf9fdf9a89e57,agarcia@example.com
818b5cc5f21d3e6e4e6071c06294528d44595022218446d8b79304d2b766327a,9f542590100424c92a6ae40860f7017ac5dfbcff3cb49b36eace29b068e0d8e1,1996-09-24,001-378-836-2659x810,deccf42e765a60be6adfef2015da7772ffab851615125df15bfb0f10b4376c1e,joseph76@example.net
a00d36bb2ee09567a1fb9294582f9f86537a0d2130079e5caa4fda39e1a2d8ab,1cdcfc3885f538bc4c6ef194013dc7450af9a44e26cfa2a4d0f89344406caf26,1914-08-05,+1-706-116-4514,1e729423bc113318226c4c872f64aaf9683adaf766298f5e32a0ccc47b365bb3,maureen25@example.org
69abb85fc0814883783903ef4c352557de6ebb381d6ab3c5eca9e8a46f44462a,fe16a94194b3857b569579be460d2079ebcb36e9b8b03649191a92e8b0fe35c9,1970-01-03,(332)040-8318x7577,4a67ff3e425bae28a627f1e6c97f43967f1f3a107cf9e991faa72667a1aae7df,stevenacosta@example.com
7297db81c2f7916e25b9593f8c8785e1aa1487fa9f3961c50b7cc5f1a541bc82,6ecb547c1b1064a6ea104070e40695988d2db82d89e18d8b1b80c0535a10120a,2014-07-13,+1-946-822-3640x7297,04a3542931c13acc89d9ffba12fd5f30bd6d1b4ea350d61bc356ea8114b6104c,cherryjulie@example.org
fd6045b6fc1949fcc41cc5d7b98bc0203a650d55522aa814024898aba5aa0f7c,fe16a94194b3857b569579be460d2079ebcb36e9b8b03649191a92e8b0fe35c9,2004-04-28,(956)018-0225x8864,f6766bb16039181c085db104d31ab3e670cf8b066d95ccd617466a6a5aff232e,katie27@example.com
f3b46c145f69a06b8071dc1339081ce4923ee5f5ef55af2e5749ee1380c007ae,162cf897d1a86a16af7c7859e14cc84203aa5d6cfabba170bc177eefa0ee7406,1923-08-21,(890)948-5021,4a3a05e44ed2e1deb6a26e32ce951d9bd45807ffa6dd61ca2b31ff0af760f294,archerchristy@example.net
a819b11c8fd86da6174dcc08f12310897fe45d052e62c55ae451fbe88855ab8b,bf3a101fff20ccd1e2a21cf59608e2c7fba3a2b65c196d981bbb246af0156f98,1965-12-31,+1-322-271-0049,2fa62c1bd886f98e47fa9e9c68d5b8bf8d1d675c4817379455c8da4138bcb2ea,lisa20@example.com
1bfdd0bd0feb1735b44d25956114d3e6d9219b7a3c98a8d5d9bfc09f1a993ffe,b16370a17fc3ac268567063e248fb0c96215cecba0ab4fb267d4f97217638cc2,2007-07-05,+1-864-347-9716x39159,f4d0adcf19bc7d497648b6ba92e06d99ff1fae4cc0866a03a57dfcff7813863b,alice65@example.net
7d79723653ebf983c2ea750913e2d3276129ac65bc4c071c060d71c730a427db,7a8fe6d47b5b3a23cafc729ac25b0854234570400a9c431b3edc9253f7392cfd,1926-09-11,(816)925-9211,1c1396ee09506068a76e0a836cd8ad58c8fde28359b341e51f7b7de8a329c87e,youngchristian@example.com
8a8ae63ee3a6ea5a8855f988c3f9e60276001b9f47e004dd63c6dccaba05c9d1,bef1b7fd499caf7ccf5ecad1b7d09977d3905bdf3b2d8f01320e2479c4bb988e,1932-01-21,437-664-3964,5b5aabb1d57cccf52de0e00a2d1c856e2e1784e62ba38d8341ff8cd590f7b773,gutierrezanthony@example.com
832c5551378ad56e0181af310d69ab9fb2f776ee6fb384b3e6673d08fc93526e,c39952e48a94e927a56aa95ca53075768a43d2e3291fd169ef91a94b5faf0f43,1918-11-16,001-673-426-8026x63246,a9041ebe50ae52c88f6896c4ac6440a6345a815415f78cc0856d876ef0cc780f,bmitchell@example.com
f3b46c145f69a06b8071dc1339081ce4923ee5f5ef55af2e5749ee1380c007ae,5a2a6102cff0e848dc775c4f6abe3b81653802c4ecae92092061836a3a857e9c,1948-10-10,(828)814-8430,7ea85a82403bbf86acf9cfddf1e33ed79ede64a6dfa01795e52297f881e1307d,hannah92@example.com
d01926adf94597454516e441789dba45148c4360a90c6eaddad59823881ab7c0,7a04a1c4cfe6d905e1835d08a49b94b329e6ce624a3010973f9a79ff05005e7b,1951-08-05,573-949-4837,8bcfb5e45c4eebf7caaa3f65ed01cb5f9565d8516c8cc3a374c2357a793c7ac6,edwardbriggs@example.org
5714e04739071aabdf34a209fcec4c33976a969dd2ca1c5007b406b2d8642bc5,06366e74a9cde6ab7adb323335a3cb4d13d985e45a22d4c164f0d5d4c2c75259,1975-06-05,613.938.6567,486380cbb6bf14f3d105d296f936ca6befe6208c9a73df8717cb3b799c86afc8,nmitchell@example.com
f089eaef57aba315bc0e1455985c0c8e40c247f073ce1f4c5a1f8ffde8773176,3013b18f4387bbe12cdb6d3ba9aa45a36adce32485da62113f97163f16beda66,1943-04-11,+1-442-734-0855x43363,7fde824725b4be4d856b005c3bdcbb053860480beeb53de644398a5b9c5345a4,michaelstevenson@example.net
f3b46c145f69a06b8071dc1339081ce4923ee5f5ef55af2e5749ee1380c007ae,5df0e3c42830f368ab0ac3f69da57e27ac65873ae5dcccf1804dc2971e94571f,1936-11-29,219.794.1359,7e528874b43e5af49b496a137e92f792ca842c092fbc620efa3799b44fd2a424,evanstina@example.com
31cae906048ac3f9dcd9525d0db54d766ffeca05e3c6f87e92f96306b8122d93,23539b766beb9979197cad8388309a347e1974eca7bbc2d6188e6e9ce88dd339,1967-07-16,001-618-001-6724x09779,2aa001d7098a63f8044cb6101395843143ab0db7ba52f56a70a0f7a8caf5dd88,carolynlewis@example.net
6410ef0d3a6d3324fcba02131e5742215c99301055398a75457a27ac89dffb5f,f58e4a64909caaa56bfb6c1f5bc5e5ffe98345f52a8233c47a7b7e1b4d9ed1ec,1960-01-27,581-464-8484x0825,4443c53d9c27bc20c6858e00cda396bcbbeb3df26aedcbcb1f92c456519f464e,uboyd@example.org
5076c4e309dc8911c045b67789131fca86a26ccee193bd6a2e7561f503bd46e1,1c201bebb838a383f656c8505725f0029e16b50d9cdb9a6bb91af2533d0caeea,1923-04-24,+1-225-291-7436x9922,246cd58c68d38500d68622eef746cfc8aab8361d4cb918c46f7e25e256146e9e,jacquelinechang@example.org
b5fd03dd91df1cfbd2f19c115d24d58bbda01a23fb01924bb78b2cc14f7ff1cb,b74f836916b6b3d61bed6cb0cc69d43dec124eeb444974dd688d8371a7c038cf,1918-10-06,043.127.4395,de62981f5a638ed61951bb70ac29ef1ee3511704156d3c6175e5b68fa431c04d,nicholsonkaren@example.com
6307ab01368bdf95d382b574131d1223a6ebc16f44394d0dc0fa9361e432434a,464f6b0fdc5763bc121db5e3ab7cd5f9fa86be293a18fa587353c83b65d38e61,1968-08-30,001-552-683-2684x69859,68c2ff577a0882c1f6189c992bf75a3946bba234d9be06e81e6ce0b9f982315d,walter96@example.com
3fae11bddd374e4966d61e5d9e154552e6772bdfaf6f87349e53403cd22f4fed,80942c291f40ee0667921008a3a14c4e92b0fccd0221af377978cbeb996c23c9,1993-08-19,170.052.4851,7240805d95f887156f21c42aa57a4f256fe44013c05502b53a95603b7816f597,melissawagner@example.net
7109d8f136e85769be75b14e3f05bb3adf6671be072bf43539a0a7e03e21cea4,11a4f480c4c0a039dd074473f0ffbb5de073500b3c25d08a774143b1ee4a0c9b,1965-01-09,9013820671,8f572484f2fc3683ecd67f291f618e48dd6e5f307425c2d9b744a6ce0823c214,nataliemartin@example.com
e03112b3005d969f7623b240ef9d385c5c0e078ede08720f66e78c85ad73f3a3,b311172dd9a45edf995b74d864a3b15130409855af2c5e254d59512104e8c820,1966-10-15,4671324719,4c766a3e490efb42ec8f12a1913f4edb31c5c3c0dc301366e2c69cfd6ff92d9d,nbaker@example.org
fb338e53da57ec89c638f24e8f87697a70d0c0d8e4cc3a56f754211d2c6f0444,a33ef009be4ad4c0d28e503d75afda120cb3870257a243a7a8ccabcf1ef7f0fe,1965-11-18,096.962.5189x5269,16c832589cd99548fefbdc1700b5aa67fae5c755798c107ed5bb100ac50d6018,pruittdavid@example.org
02281b3b5dd57c4643681b8b113c9d56e9b8f1dc8c30a5bba4c864bdd27d1ed7,1506384d1ef071da1fbe011aa9946b41d430c56e372dd07a1ad53dd6085afc43,1934-08-05,(046)953-7939x9664,e342f224d8b43f213a476c28cc31af9e087d3e6d6a43d69c7a2b18119785d881,cervantesmelissa@example.org
8360721f93d2e7e21a8f4201f3515ec089bb2a95148d8a1aca453442c98484ca,548674f78c8db9628b4934f6bcf16eb53052bb00f38a66b8f454d7ea2f76c841,1928-04-22,568.404.4594,3d0e06f9f17e06ee8b254da10e1d78b618b85e8c89855d05c66a1ffe322fa24a,vmills@example.net
a8cfcd74832004951b4408cdb0a5dbcd8c7e52d43f7fe244bf720582e05241da,09343dc21798dad949c79a8f7105504e6e28a9574744427f8241e5a1efcf26b9,1922-02-15,696.421.6041x146,aaf7f0244261ec0d9a3a870f33aeff742fa9ea9a5ce5870de0c6b60af2680223,jenniferharrison@example.net
0e4dd66217fc8d2e298b78c8cd9392870dcd065d0ff675d0edff5bcd227837e9,6e8d8801f51aafe8426f8d95c75de8f3f404ccae62f116070ca643403484a243,1997-09-13,(781)843-9268x59205,a3e66d59cb5ee4f6a6447ebc6d37fea9f1621719eb0b853acae36834758c17ed,thomassalazar@example.org
